{
  "push_to_hub.py": {
    "halstead": {
      "vocabulary": 71,
      "length": 132,
      "volume": 811.7666197746181,
      "difficulty": 2.8235294117647056,
      "effort": 2292.0469264224507,
      "time": 127.33594035680282,
      "bugs": 0.270588873258206
    },
    "cyclomatic": {
      "complexity": 9
    }
  },
  "test_runpod_connection.py": {
    "halstead": {
      "vocabulary": 53,
      "length": 95,
      "volume": 544.1524431835039,
      "difficulty": 0.8942307692307693,
      "effort": 486.5978578467872,
      "time": 27.03321432482151,
      "bugs": 0.18138414772783465
    },
    "cyclomatic": {
      "complexity": 6
    }
  },
  "train_local_sample.py": {
    "halstead": {
      "vocabulary": 127,
      "length": 274,
      "volume": 1914.8996041755734,
      "difficulty": 6.595041322314049,
      "effort": 12628.842017620724,
      "time": 701.6023343122624,
      "bugs": 0.6382998680585245
    },
    "cyclomatic": {
      "complexity": 14
    }
  },
  "handler.py": {
    "halstead": {
      "vocabulary": 349,
      "length": 1530,
      "volume": 12924.03733610077,
      "difficulty": 28.069940476190478,
      "effort": 362776.95873641194,
      "time": 20154.27548535622,
      "bugs": 4.3080124453669235
    },
    "cyclomatic": {
      "complexity": 86
    }
  },
  "train_jamba.py": {
    "halstead": {
      "vocabulary": 362,
      "length": 1053,
      "volume": 8950.337719098616,
      "difficulty": 23.947826086956525,
      "effort": 214341.1311165008,
      "time": 11907.840617583377,
      "bugs": 2.9834459063662053
    },
    "cyclomatic": {
      "complexity": 80
    }
  },
  "train_with_runpod.py": {
    "halstead": {
      "vocabulary": 55,
      "length": 95,
      "volume": 549.2291727848427,
      "difficulty": 1.7358490566037736,
      "effort": 953.3789414378402,
      "time": 52.96549674654668,
      "bugs": 0.1830763909282809
    },
    "cyclomatic": {
      "complexity": 4
    }
  },
  "model_training.py": {
    "halstead": {
      "vocabulary": 202,
      "length": 640,
      "volume": 4901.255348961148,
      "difficulty": 12.804123711340207,
      "effort": 62756.27982896646,
      "time": 3486.4599904981364,
      "bugs": 1.6337517829870494
    },
    "cyclomatic": {
      "complexity": 14
    }
  },
  "data_ingestion.py": {
    "halstead": {
      "vocabulary": 45,
      "length": 78,
      "volume": 428.36454151371464,
      "difficulty": 0.875,
      "effort": 374.8189738245003,
      "time": 20.82327632358335,
      "bugs": 0.14278818050457154
    },
    "cyclomatic": {
      "complexity": 4
    }
  },
  "train_with_intel.py": {
    "halstead": {
      "vocabulary": 63,
      "length": 120,
      "volume": 717.27359081999,
      "difficulty": 3.7966101694915255,
      "effort": 2723.208209214877,
      "time": 151.28934495638205,
      "bugs": 0.23909119693999667
    },
    "cyclomatic": {
      "complexity": 6
    }
  },
  "predict.py": {
    "halstead": {
      "vocabulary": 61,
      "length": 136,
      "volume": 806.5802779085526,
      "difficulty": 3.387931034482759,
      "effort": 2732.638355328114,
      "time": 151.813241962673,
      "bugs": 0.2688600926361842
    },
    "cyclomatic": {
      "complexity": 6
    }
  },
  "runpod_verify.py": {
    "halstead": {
      "vocabulary": 117,
      "length": 250,
      "volume": 1717.5911798958512,
      "difficulty": 5.3794642857142865,
      "effort": 9239.720409707594,
      "time": 513.3178005393107,
      "bugs": 0.5725303932986171
    },
    "cyclomatic": {
      "complexity": 21
    }
  },
  "runpod_health_check.py": {
    "halstead": {
      "vocabulary": 123,
      "length": 349,
      "volume": 2422.9375623633946,
      "difficulty": 12.671052631578949,
      "effort": 30701.169375736175,
      "time": 1705.620520874232,
      "bugs": 0.8076458541211315
    },
    "cyclomatic": {
      "complexity": 32
    }
  },
  "test_gpu.py": {
    "halstead": {
      "vocabulary": 22,
      "length": 45,
      "volume": 200.67442283867837,
      "difficulty": 1.0476190476190477,
      "effort": 210.2303477357583,
      "time": 11.679463763097683,
      "bugs": 0.06689147427955945
    },
    "cyclomatic": {
      "complexity": 5
    }
  },
  "jamba.py": {
    "halstead": {
      "vocabulary": 335,
      "length": 864,
      "volume": 7247.246934538197,
      "difficulty": 12.753846153846153,
      "effort": 92430.27244203331,
      "time": 5135.015135668517,
      "bugs": 2.415748978179399
    },
    "cyclomatic": {
      "complexity": 55
    }
  },
  "runpod_startup.py": {
    "halstead": {
      "vocabulary": 135,
      "length": 449,
      "volume": 3177.490203075823,
      "difficulty": 11.7578125,
      "effort": 37360.33402835245,
      "time": 2075.574112686247,
      "bugs": 1.0591634010252744
    },
    "cyclomatic": {
      "complexity": 32
    }
  },
  "train_runpod.py": {
    "halstead": {
      "vocabulary": 278,
      "length": 814,
      "volume": 6608.818033196934,
      "difficulty": 20.522727272727273,
      "effort": 135630.97009038253,
      "time": 7535.053893910141,
      "bugs": 2.202939344398978
    },
    "cyclomatic": {
      "complexity": 37
    }
  },
  "data_processing.py": {
    "halstead": {
      "vocabulary": 56,
      "length": 130,
      "volume": 754.9561398674884,
      "difficulty": 1.1727272727272726,
      "effort": 885.3576549355091,
      "time": 49.18653638530606,
      "bugs": 0.25165204662249613
    },
    "cyclomatic": {
      "complexity": 4
    }
  },
  "generate_threat_data.py": {
    "halstead": {
      "vocabulary": 194,
      "length": 490,
      "volume": 3723.957292671693,
      "difficulty": 14.934065934065934,
      "effort": 55613.82374440473,
      "time": 3089.6568746891517,
      "bugs": 1.241319097557231
    },
    "cyclomatic": {
      "complexity": 13
    }
  },
  "fix_runpod_command.py": {
    "halstead": {
      "vocabulary": 28,
      "length": 46,
      "volume": 221.13832641464978,
      "difficulty": 0.8333333333333334,
      "effort": 184.28193867887484,
      "time": 10.237885482159713,
      "bugs": 0.07371277547154993
    },
    "cyclomatic": {
      "complexity": 5
    }
  },
  "run_training.py": {
    "halstead": {
      "vocabulary": 74,
      "length": 134,
      "volume": 832.0667509942793,
      "difficulty": 1.8333333333333333,
      "effort": 1525.4557101561788,
      "time": 84.74753945312105,
      "bugs": 0.27735558366475976
    },
    "cyclomatic": {
      "complexity": 5
    }
  },
  "run_simplified.py": {
    "halstead": {
      "vocabulary": 132,
      "length": 260,
      "volume": 1831.542471033198,
      "difficulty": 1.9846153846153847,
      "effort": 3634.907365588962,
      "time": 201.93929808827568,
      "bugs": 0.6105141570110659
    },
    "cyclomatic": {
      "complexity": 3
    }
  },
  "train_local.py": {
    "halstead": {
      "vocabulary": 100,
      "length": 252,
      "volume": 1674.2517598232305,
      "difficulty": 7.5,
      "effort": 12556.888198674229,
      "time": 697.6048999263461,
      "bugs": 0.5580839199410769
    },
    "cyclomatic": {
      "complexity": 2
    }
  },
  "runpod_client.py": {
    "halstead": {
      "vocabulary": 203,
      "length": 560,
      "volume": 4292.5881136236985,
      "difficulty": 18.16578947368421,
      "effort": 77978.25196932735,
      "time": 4332.125109407075,
      "bugs": 1.4308627045412328
    },
    "cyclomatic": {
      "complexity": 41
    }
  },
  "jamba_model/__init__.py": {
    "halstead": {
      "vocabulary": 3,
      "length": 3,
      "volume": 4.754887502163468,
      "difficulty": 0.0,
      "effort": 0.0,
      "time": 0.0,
      "bugs": 0.001584962500721156
    },
    "cyclomatic": {
      "complexity": 1
    }
  },
  "jamba_model/model.py": {
    "halstead": {
      "vocabulary": 55,
      "length": 202,
      "volume": 1167.8346621319813,
      "difficulty": 14.21875,
      "effort": 16605.14910218911,
      "time": 922.5082834549505,
      "bugs": 0.3892782207106604
    },